/*
    ////////////////////////////////////////////////////////////////    MODEL ZEGARKA   ////////////////////////////////////////////////////////////////
*/

/*( ROSU0001  GSCA0002 SEPR0003  OMSP0004 SWSK0005 TITT0006 TIWE0007 CIPR0008 RORO0001 CAGA0002 SEPR0004 OMSP0003 SWCH0005 TITT0009 TIMW0007 CIPR0002 LOST0009 HAMI0010 ROEX0020 CAGE0021 SESP0022 OMCO0023 SWBL0024 TIEX0025 TIMH0026 CICA0027 LOEL0028)*/
INSERT INTO Model_zegarka 
(
   Kod_zegarka, Marka_zegarka, Model_zegarka, Kategoria_zegarka, 
   Mechanizm_zegarka, Material_koperty_zegarka, Rozmiar_koperty_zegarka, 
   Pasek_zegarka, Przeznaczenie_zegarka, Wodoodpornosc_zegarka, 
   Cena_netto_zegarka, Cena_brutto_zegarka, Kwota_vat_zegarka, Ilosc_towaru_na_stanie
) 
VALUES
('ROSU0001', 'Rolex', 'Submariner', 'S', 'A', 'Stal', 40, 'Skórzany', 'M', 1, 35000.00, 43050.00, 80, 0),
('GSCA0002', 'Casio', 'G-Shock', 'SM', 'K', 'Złoto', 45, 'Silikonowy', 'U', 1, 500.00, 615.00, 115, 0),
('SEPR0003', 'Seiko', 'Presage', 'C', 'A', 'Stal nierdzewna', 42, 'Skórzany', 'M', 0, 2500.00, 3075.00, 75, 0),
('OMSP0004', 'Omega', 'Speedmaster', 'SC', 'A', 'Stal', 44, 'Metalowy', 'M', 1, 28000.00, 34440.00, 70, 0),
('SWSK0005', 'Swatch', 'Skin', 'L', 'K', 'Platyna', 36, 'Gumowy', 'K', 0, 300.00, 369.00, 70, 0),
('TITT0006', 'Tissot', 'T-Touch', 'V', 'H', 'Tytan', 48, 'Silikonowy', 'U', 1, 4500.00, 5535.00, 100, 0),
('TIWE0007', 'Timex', 'Weekender', 'C', 'M', 'Carbon', 38, 'Nylonowy', 'D', 0, 800.00, 984.00, 84, 0),
('CIPR0008', 'Citizen', 'Promaster', 'S', 'A', 'Srebro', 44, 'Metalowy', 'M', 1, 3000.00, 3690.00, 60, 0),
('RORO0001', 'Rolex', 'Royal', 'C', 'A', 'Złoto', 42, 'Skórzany', 'M', 1, 40000.00, 49200.00, 90, 0),
('CAGA0002', 'Casio', 'Gant', 'SM', 'K', 'Tworzywo', 46, 'Gumowy', 'U', 1, 800.00, 984.00, 184, 0),
('SEPR0004', 'Seiko', 'Premier', 'S', 'A', 'Stal nierdzewna', 40, 'Metalowy', 'M', 0, 3200.00, 3936.00, 73, 0),
('OMSP0003', 'Omega', 'Sport', 'SC', 'A', 'Tytan', 44, 'Skórzany', 'M', 1, 38000.00, 46740.00, 80, 0),
('SWCH0005', 'Swatch', 'Charm', 'L', 'K', 'Tworzywo', 36, 'Silikonowy', 'K', 0, 400.00, 492.00, 92, 0),
('TITT0009', 'Tissot', 'Touch', 'V', 'H', 'Tytan', 48, 'Metalowy', 'U', 1, 4500.00, 5535.00, 10, 0),
('TIMW0007', 'Timex', 'Wave', 'C', 'M', 'Stal', 39, 'Nylonowy', 'D', 0, 1000.00, 1230.00, 23, 0),
('CIPR0002', 'Citizen', 'Prime', 'S', 'A', 'Stal', 44, 'Metalowy', 'M', 1, 3100.00, 3813.00, 71, 0),
('LOST0009', 'Longines', 'Star', 'SC', 'M', 'Stal nierdzewna', 41, 'Skórzany', 'M', 1, 6000.00, 7380.00, 10, 0),
('HAMI0010', 'Hamilton', 'Intra', 'C', 'A', 'Stal', 42, 'Metalowy', 'M', 1, 7500.00, 9225.00, 15, 0),
('ROEX0020', 'Rolex', 'Explorer', 'S', 'A', 'Złoto', 42, 'Skórzany', 'M', 1, 42000.00, 51660.00, 90, 0),
('CAGE0021', 'Casio', 'Gents', 'SM', 'K', 'Tworzywo', 44, 'Gumowy', 'U', 1, 700.00, 861.00, 72, 0),
('SESP0022', 'Seiko', 'Sportura', 'C', 'A', 'Stal', 42, 'Metalowy', 'M', 0, 3300.00, 4059.00, 59, 0),
('OMCO0023', 'Omega', 'Constellation', 'SC', 'A', 'Stal', 41, 'Skórzany', 'M', 1, 39000.00, 47970.00, 70, 0),
('SWBL0024', 'Swatch', 'Bliss', 'L', 'K', 'Tworzywo', 35, 'Silikonowy', 'K', 0, 350.00, 430.50, 80, 0),
('TIEX0025', 'Tissot', 'Expert', 'V', 'H', 'Tytan', 47, 'Metalowy', 'U', 1, 5000.00, 6150.00, 55, 0),
('TIMH0026', 'Timex', 'Harbor', 'C', 'M', 'Stal', 39, 'Skórzany', 'D', 0, 1200.00, 1476.00, 76, 0),
('CICA0027', 'Citizen', 'Carina', 'S', 'A', 'Stal nierdzewna', 43, 'Metalowy', 'M', 1, 3400.00, 4182.00, 82, 0),
('LOEL0028', 'Longines', 'Elegance', 'SC', 'A', 'Złoto', 40, 'Skórzany', 'M', 1, 6200.00, 7626.00, 62, 0),
('HAJE0029', 'Hamilton', 'Jazzmaster', 'C', 'A', 'Stal', 42, 'Metalowy', 'M', 1, 8000.00, 9840.00, 84, 0),
('BEBR0030', 'Bering', 'Breeze', 'C', 'K', 'Tytan', 40, 'Silikonowy', 'K', 0, 2700.00, 3321.00, 61, 0),
('MOVA0031', 'Movado', 'Valor', 'L', 'A', 'Stal nierdzewna', 41, 'Metalowy', 'M', 1, 4300.00, 5289.00, 89, 0),
('FOPI0032', 'Fossil', 'Piper', 'S', 'K', 'Tworzywo', 38, 'Gumowy', 'K', 0, 600.00, 738.00, 38, 0),
('ORPE0033', 'Orient', 'Perpetual', 'C', 'A', 'Stal', 43, 'Skórzany', 'M', 1, 3700.00, 4551.00, 51, 0),
('HABR0034', 'Hamilton', 'Broadway', 'V', 'A', 'Stal nierdzewna', 44, 'Metalowy', 'M', 1, 8500.00, 10455.00, 55, 0),
('RONA0035', 'Rolex', 'Nautilus', 'SC', 'A', 'Złoto', 41, 'Skórzany', 'M', 1, 76000.00, 93480.00, 80, 0),
('OMCO0036', 'Omega', 'Cosmic', 'S', 'A', 'Stal', 40, 'Metalowy', 'M', 1, 28000.00, 34440.00, 40, 0),
('TITR0037', 'Tissot', 'Tradition', 'C', 'A', 'Tytan', 41, 'Skórzany', 'M', 1, 4100.00, 5043.00, 43, 0),
('LONA0038', 'Longines', 'Noble', 'S', 'M', 'Stal nierdzewna', 43, 'Skórzany', 'M', 1, 5200.00, 6396.00, 96, 0),
('CIBL0039', 'Citizen', 'Blizzard', 'V', 'A', 'Złoto', 42, 'Metalowy', 'M', 1, 3100.00, 3813.00, 13, 0),
('ROOP0040', 'Rolex', 'Oyster', 'S', 'A', 'Złoto', 41, 'Skórzany', 'M', 1, 48000.00, 59040.00, 90, 0),
('CAED0041', 'Casio', 'Edifice', 'SM', 'K', 'Stal nierdzewna', 45, 'Gumowy', 'U', 1, 1000.00, 1230.00, 30, 0),
('SEKI0042', 'Seiko', 'Kinetic', 'C', 'A', 'Stal', 40, 'Metalowy', 'M', 0, 4000.00, 4920.00, 92, 0),
('OMGE0043', 'Omega', 'Geneve', 'SC', 'A', 'Tytan', 43, 'Skórzany', 'M', 1, 45000.00, 55350.00, 90, 0),
('SWMO0044', 'Swatch', 'Modern', 'L', 'K', 'Tworzywo', 34, 'Silikonowy', 'K', 0, 500.00, 615.00, 15, 0),
('TIUN0045', 'Tissot', 'Unique', 'V', 'H', 'Tytan', 47, 'Metalowy', 'U', 1, 6000.00, 7380.00, 38, 0),
('TIME0046', 'Timex', 'Elegant', 'C', 'M', 'Carbon', 39, 'Nylonowy', 'D', 0, 1500.00, 1845.00, 45, 0),
('CIST0047', 'Citizen', 'Style', 'S', 'A', 'Stal nierdzewna', 43, 'Metalowy', 'M', 1, 3700.00, 4551.00, 51, 0),
('LOCL0048', 'Longines', 'Classic', 'SC', 'A', 'Złoto', 41, 'Skórzany', 'M', 1, 7000.00, 8610.00, 61, 0),
('HAVI0049', 'Hamilton', 'Vintage', 'C', 'A', 'Stal', 40, 'Metalowy', 'M', 1, 8200.00, 10086.00, 86, 0),
('BERA0050', 'Bering', 'Arctic', 'C', 'K', 'Tytan', 42, 'Silikonowy', 'K', 0, 2900.00, 3567.00, 67, 0),
('MOME0051', 'Movado', 'Memoir', 'L', 'A', 'Stal nierdzewna', 41, 'Metalowy', 'M', 1, 4700.00, 5781.00, 81, 0),
('FOAV0052', 'Fossil', 'Avenue', 'S', 'K', 'Tworzywo', 38, 'Gumowy', 'K', 0, 700.00, 861.00, 15, 0),
('ORCO0053', 'Orient', 'Compass', 'C', 'A', 'Stal', 44, 'Skórzany', 'M', 1, 3900.00, 4797.00, 97, 0),
('HACE0054', 'Hamilton', 'Center', 'V', 'A', 'Stal nierdzewna', 44, 'Metalowy', 'M', 1, 8900.00, 10947.00, 47, 0),
('ROPE0055', 'Rolex', 'Perpetual', 'SC', 'A', 'Złoto', 41, 'Skórzany', 'M', 1, 78000.00, 95940.00, 40, 0),
('OMMO0056', 'Omega', 'Moonphase', 'S', 'A', 'Stal', 40, 'Metalowy', 'M', 1, 30000.00, 36900.00, 90, 0),
('TILI0057', 'Tissot', 'Little', 'C', 'A', 'Tytan', 40, 'Skórzany', 'M', 1, 4400.00, 5412.00, 12, 0),
('LONA0058', 'Longines', 'Nature', 'S', 'M', 'Stal nierdzewna', 43, 'Skórzany', 'M', 1, 5400.00, 6642.00, 42, 0),
('CILU0059', 'Citizen', 'Lunar', 'V', 'A', 'Złoto', 42, 'Metalowy', 'M', 1, 3200.00, 3936.00, 36, 0);

/*
    ////////////////////////////////////////////////////////////////    KONTRAHENT  ///////////////////////////////////////////////////////////////
*/
INSERT INTO Promocja 
(
   Data_rozpoczecia_promocji, Data_zakonczenia_promocji, Procent_znizki
) 
VALUES
('2025-02-01', '2025-02-15', 10.00),
('2025-03-01', '2025-03-10', 15.00),
('2025-03-15', '2025-03-30', 20.00),
('2025-04-01', '2025-04-20', 25.00),
('2025-05-01', '2025-05-31', 30.00),
('2025-06-01', '2025-06-15', 12.50),
('2025-06-20', '2025-07-05', 18.75),
('2025-07-10', '2025-07-25', 22.00),
('2025-08-01', '2025-08-15', 35.00),
('2025-09-01', '2025-09-15', 28.00),
('2025-10-01', '2025-10-10', 40.00),
('2025-11-01', '2025-11-15', 5.00),
('2025-11-20', '2025-11-30', 17.50),
('2025-12-01', '2025-12-31', 25.00),
('2026-01-01', '2026-01-15', 45.00),
('2026-01-20', '2026-02-05', 30.00),
('2026-02-10', '2026-02-20', 8.00),
('2026-03-01', '2026-03-15', 20.00),
('2026-04-01', '2026-04-30', 12.50),
('2026-05-01', '2026-05-15', 50.00);

/*
    ////////////////////////////////////////////////////////////////   PROMOCJA MODELU ZEGARKA   ///////////////////////////////////////////////////////////////
*/
insert into Promocja_modelu_zegarka
VALUES
('ROSU0001', 2),
('GSCA0002', 4),
('SEPR0003', 1),
('TITT0006', 6),
('TIWE0007', 8),
('CIPR0008', 7),
('CAGA0002', 20),
('RORO0001', 19),
('CAGE0021', 18),
('OMCO0023', 5),
('CICA0027', 5),
('LOEL0028', 6),
('HABR0034', 1),
('RONA0035', 1),
('CIBL0039', 8),
('CAED0041', 12),
('TIME0046', 17),
('TIME0046', 18),
('ROSU0001', 19),
('CIST0047', 7),
('FOAV0052', 8),
('ORCO0053', 14),
('MOME0051', 16);


/*
    ////////////////////////////////////////////////////////////////  KONTRAHENT    ///////////////////////////////////////////////////////////////
*/

INSERT INTO Kontrahent 
(
   Typ_kontrahenta, Nazwa_firmy, Nip_firmy, Regon_firmy, Kraj_firmy
) 
VALUES
('K', 'ABC Sp. z o.o.', '1234567890', '12345678901234', 'Polska'),
('D', 'DEF S.A.', '9876543210', '43210987654321', 'Niemcy'),
('K', 'GHI Solutions', '1111111111', '11111111111111', 'Francja'),
('D', 'JKL Trading', '2222222222', '22222222222222', 'Włochy'),
('K', 'MNO International', '3333333333', '33333333333333', 'Hiszpania'),
('D', 'PQR Sp. k.', '4444444444', '44444444444444', 'Polska'),
('K', 'STU Ventures', '5555555555', '55555555555555', 'Szwecja'),
('D', 'VWX Corp.', '6666666666', '66666666666666', 'USA'),
('K', 'YZ Enterprise', '7777777777', '77777777777777', 'Kanada'),
('D', 'ABCDEF Ltd.', '8888888888', '88888888888888', 'Chiny'),
('K', 'CoolTech', '9999999999', '99999999999999', 'Australia'),
('D', 'NextGen GmbH', '1231231231', '12312312312312', 'Niemcy'),
('K', 'Innovate Polska', '3213213213', '32132132132132', 'Polska'),
('D', 'Bright Future', '4564564564', '45645645645645', 'Austria'),
('K', 'Green Energy Co.', '6546546546', '65465465465465', 'Norwegia'),
('D', 'TechnoWorld', '7897897897', '78978978978978', 'Wielka Brytania'),
('K', 'Global Import', '9879879879', '98798798798798', 'Szwajcaria'),
('D', 'Prime Export', '1122334455', '99887766554433', 'Holandia'),
('K', 'Visionaries Inc.', '2233445566', '88776655443322', 'Belgia'),
('D', 'Pioneers Ltd.', '3344556677', '77665544332211', 'Portugalia'),
('D', 'MegaParts GmbH', '1122334456', '12345678912345', 'Niemcy'),
('D', 'Global Supply Co.', '2233445567', '23456789123456', 'Chiny'),
('D', 'Quality Goods Ltd.', '3344556678', '34567891234567', 'USA'),
('D', 'Trade Alliance S.A.', '4455667789', '45678912345678', 'Polska'),
('D', 'FutureTech Industries', '5566778890', '56789123456789', 'Francja'),
('D', 'WorldWide Logistics', '6677889901', '67891234567890', 'Wielka Brytania'),
('D', 'EcoPackaging Solutions', '7788990012', '78912345678901', 'Holandia'),
('D', 'GreenTech Corp.', '8899001123', '89123456789012', 'Norwegia'),
('D', 'Next Level Supply', '9900112234', '91234567890123', 'Szwecja'),
('D', 'Blue Ocean Trade', '1011121314', '12312312312345', 'Australia'),
('D', 'EuroParts S.A.', '2021222324', '32132132132145', 'Hiszpania'),
('D', 'Swift Importers', '3031323334', '45645645645678', 'Kanada'),
('D', 'PrimeTech Logistics', '4041424344', '65465465465498', 'Włochy'),
('D', 'New Horizons Co.', '5051525354', '78978978978912', 'Szwajcaria'),
('D', 'Elite Supply Chain', '6061626364', '98798798798732', 'Belgia'),
('D', 'Bright Star Trading', '7071727374', '11223344556677', 'Portugalia'),
('D', 'Infinity Trade Group', '8081828384', '22334455667788', 'Austria'),
('D', 'Advanced Goods', '9091929394', '33445566778899', 'Rumunia'),
('D', 'Master Supplies Inc.', '1121131145', '44556677889910', 'Turcja'),
('D', 'Goldline Distributors', '2232242255', '55667788991011', 'Chorwacja'),
('D', 'LogixPro Solutions', '3343353366', '66778899001112', 'Grecja'),
('D', 'ProGlobal Supplies', '4454464477', '77889900112223', 'Bułgaria'),
('D', 'Summit Trade Ltd.', '5565575588', '88990011223334', 'Dania'),
('D', 'Polaris Distributors', '6676686699', '99001122334445', 'Litwa'),
('D', 'Vertex International', '7787798800', '10111213141516', 'Łotwa'),
('D', 'Aurora Parts Co.', '8899909911', '21222324252627', 'Estonia'),
('D', 'Speedy Goods GmbH', '9900110022', '32333435363738', 'Niemcy'),
('D', 'Unity Supply Group', '1011121223', '43444546474849', 'Czechy'),
('D', 'Premium Trade', '2021222323', '54555657585960', 'Słowacja'),
('D', 'Nova Supplies', '3031323333', '65666768697071', 'Finlandia'),
('D', 'Polar Trading Co.', '4041424343', '76777879808182', 'Islandia');

/*
    ////////////////////////////////////////////////////////////////  OSOBA    ///////////////////////////////////////////////////////////////
*/
INSERT INTO Osoba 
(
   Id_kontrahenta, Imie, Nazwisko, Telefon, Email
) 
VALUES
(NULL, 'Jan', 'Kowalski', '123456789', 'jan.kowalski@example.com'),
('1', 'Anna', 'Nowak', '987654321', 'anna.nowak@abc.com'),
('2', 'Piotr', 'Wiśniewski', '555123456', 'piotr.wisniewski@xyz.com'),
('3', 'Maria', 'Zielińska', '666234567', 'maria.zielinska@ghisolutions.com'),
(NULL, 'Krzysztof', 'Kamiński', '777345678', 'krzysztof.kaminski@nowa.pl'),
('4', 'Monika', 'Jankowska', '888456789', 'monika.jankowska@global.com'),
('5', 'Tomasz', 'Lewandowski', '999567890', 'tomasz.lewandowski@qualitygoods.com'),
('6', 'Ewa', 'Kaczmarek', '111678901', 'ewa.kaczmarek@tradealliance.com'),
(NULL, 'Maciej', 'Szymański', '222789012', 'maciej.szymanski@tisch.pl'),
('7', 'Barbara', 'Wojciechowska', '333890123', 'barbara.wojciechowska@futuretech.com'),
('8', 'Adam', 'Mazur', '444901234', 'adam.mazur@worldwidelogistics.com'),
('9', 'Olga', 'Nowicka', '555012345', 'olga.nowicka@ecopackaging.com'),
(NULL, 'Katarzyna', 'Piotrowska', '666123456', 'katarzyna.piotrowska@greentech.com'),
('10', 'Wojciech', 'Sikora', '777234567', 'wojciech.sikora@nextlevel.com'),
('11', 'Łukasz', 'Dąbrowski', '888345678', 'lukasz.dabrowski@blueocean.com'),
('12', 'Paweł', 'Michałowski', '999456789', 'pawel.michalowski@europarts.com'),
('13', 'Zofia', 'Król', '111567890', 'zofia.krol@swiftimporters.com'),
(NULL, 'Waldemar', 'Tomaszewski', '222678901', 'waldemar.tomaszewski@primetech.com'),
('14', 'Kamil', 'Wróblewski', '333789012', 'kamil.wroblewski@newhorizons.com'),
('15', 'Iwona', 'Baran', '444890123', 'iwona.baran@elite.com'),
('16', 'Marek', 'Pawlak', '555901234', 'marek.pawlak@brightstar.com'),
(NULL, 'Renata', 'Zawisza', '666012345', 'renata.zawisza@infinity.com'),
('17', 'Jacek', 'Kuczyński', '777123456', 'jacek.kuczynski@master.com'),
('18', 'Agnieszka', 'Kowalczyk', '888234567', 'agnieszka.kowalczyk@goldline.com'),
('19', 'Patryk', 'Czarnecki', '999345678', 'patryk.czarnecki@logixpro.com'),
('20', 'Ewelina', 'Walczak', '111456789', 'ewelina.walczak@proglobal.com'),
(NULL, 'Wiktor', 'Sierżant', '222567890', 'wiktor.sierzant@summit.com'),
('21', 'Dominika', 'Białek', '333678901', 'dominik.bialek@polaris.com'),
('22', 'Sylwia', 'Ostrowska', '444789012', 'sylwia.ostrowska@vertex.com'),
('23', 'Rafał', 'Kubiak', '555890123', 'rafal.kubiak@aurora.com'),
('24', 'Krystyna', 'Ławniczak', '666901234', 'krystyna.lawniczak@speedygoods.com'),
(NULL, 'Kornelia', 'Mikulska', '777012345', 'kornelia.mikulska@unity.com'),
('25', 'Paweł', 'Falkowski', '888123456', 'pawel.falkowski@premium.com'),
('26', 'Marcin', 'Chmiel', '999234567', 'marcin.chmiel@nova.com'),
('27', 'Olga', 'Bąk', '111345678', 'olga.bak@polartrading.com'),
('28', 'Krzysztof', 'Górski', '222456789', 'krzysztof.gorski@greenline.com'),
('29', 'Jakub', 'Stolarz', '333567890', 'jakub.stolarz@techpower.com'),
(NULL, 'Grzegorz', 'Jasiński', '444678901', 'grzegorz.jasinski@websolutions.com'),
('30', 'Marta', 'Stefańska', '555789012', 'marta.stefanska@supertech.com'),
('31', 'Tomasz', 'Milewski', '666890123', 'tomasz.milewski@grouptech.com'),
('32', 'Irena', 'Makowska', '777901234', 'irena.makowska@worldtrade.com'),
('33', 'Marcel', 'Walentowicz', '888012345', 'marcel.walentowicz@inno.com'),
(NULL, 'Szymon', 'Jurkiewicz', '999123456', 'szymon.jurkiewicz@electronics.com'),
('34', 'Edyta', 'Kaczmarczyk', '111234567', 'edyta.kaczmarczyk@nextgen.com'),
('35', 'Michał', 'Kruk', '222345678', 'michal.kruk@traders.com'),
('36', 'Joanna', 'Matuszak', '333456789', 'joanna.matuszak@securegoods.com'),
('37', 'Adam', 'Sienkiewicz', '444567890', 'adam.sienkiewicz@megacorp.com'),
('38', 'Zbigniew', 'Płatek', '555678901', 'zbigniew.platek@bigtrade.com'),
(NULL, 'Alicja', 'Szewczyk', '111234567', 'alicja.szewczyk@example.com'),
(NULL, 'Marek', 'Czerwony', '222345678', 'marek.czerwony@domain.com'),
(NULL, 'Magdalena', 'Bielak', '333456789', 'magdalena.bielak@abc.com'),
(NULL, 'Dariusz', 'Górka', '444567890', 'dariusz.gorka@xyz.com'),
(NULL, 'Julia', 'Błaszczyk', '555678901', 'julia.blaszczyk@outlook.com'),
(NULL, 'Sławomir', 'Wójcik', '666789012', 'slawomir.wojcik@company.com'),
(NULL, 'Wioletta', 'Pawlak', '777890123', 'wioletta.pawlak@service.com'),
(NULL, 'Zbigniew', 'Mazur', '888901234', 'zbigniew.mazur@solutions.com'),
(NULL, 'Dorota', 'Wilk', '999012345', 'dorota.wilk@corporation.com'),
(NULL, 'Leszek', 'Stępień', '111123456', 'leszek.stepien@web.com'),
(NULL, 'Ryszard', 'Zawisza', '222234567', 'ryszard.zawisza@enterprise.com'),
(NULL, 'Katarzyna', 'Wojda', '333345678', 'katarzyna.wojda@group.com'),
(NULL, 'Łukasz', 'Pawłowski', '444456789', 'lukasz.pawlowski@workmail.com'),
(NULL, 'Ewa', 'Tomasik', '555567890', 'ewa.tomasik@mail.com'),
(NULL, 'Adam', 'Krawczyk', '666678901', 'adam.krawczyk@corporation.net'),
(NULL, 'Paweł', 'Sikorski', '777789012', 'pawel.sikorski@office.com'),
(NULL, 'Elżbieta', 'Kucharska', '888890123', 'elzbieta.kucharska@business.com'),
(NULL, 'Robert', 'Nowak', '999901234', 'robert.nowak@companygroup.com'),
(NULL, 'Kinga', 'Kozłowska', '111234567', 'kinga.kozlowska@consulting.com'),
(NULL, 'Patryk', 'Zieliński', '222345678', 'patryk.zielinski@firm.com'),
(NULL, 'Tomasz', 'Rynkowski', '333456789', 'tomasz.rynkowski@services.com'),
(NULL, 'Adrian', 'Szafran', '444567890', 'adrian.szafran@solutions.com'),
(NULL, 'Monika', 'Duda', '555678901', 'monika.duda@tech.com'),
(NULL, 'Piotr', 'Jasiński', '666789012', 'piotr.jasinski@websolutions.com'),
(NULL, 'Anita', 'Mazurek', '777890123', 'anita.mazurek@management.com'),
(NULL, 'Jacek', 'Kleczkowski', '888901234', 'jacek.kleczkowski@company.com'),
(NULL, 'Kamil', 'Kulesza', '999012345', 'kamil.kulesza@network.com'),
(NULL, 'Magdalena', 'Żuraw', '111123456', 'magdalena.zuraw@enterprise.com'),
(NULL, 'Andrzej', 'Czajka', '222234567', 'andrzej.czajka@group.com'),
(NULL, 'Piotr', 'Kaczmarek', '333345678', 'piotr.kaczmarek@consultancy.com'),
(NULL, 'Iwona', 'Fiedorowicz', '444456789', 'iwona.fiedorowicz@start-up.com'),
(NULL, 'Diana', 'Górka', '555567890', 'diana.gorka@technology.com'),
(NULL, 'Mariusz', 'Pięta', '666678901', 'mariusz.pieta@services.com'),
(NULL, 'Aleksandra', 'Lubczyńska', '777789012', 'aleksandra.lubczynska@solutions.com'),
(NULL, 'Marcin', 'Róg', '888890123', 'marcin.rog@company.com'),
(NULL, 'Michał', 'Borowski', '999901234', 'michal.borowski@firm.com'),
(NULL, 'Hanna', 'Grzyb', '111234567', 'hanna.grzyb@consulting.com'),
(NULL, 'Wojciech', 'Chmielowski', '222345678', 'wojciech.chmielowski@techfirm.com'),
(NULL, 'Aleksander', 'Biernat', '333456789', 'aleksander.biernat@corporation.com'),
(NULL, 'Ewelina', 'Cholewa', '444567890', 'ewelina.cholewa@start-up.com'),
(NULL, 'Łukasz', 'Król', '555678901', 'lukasz.krol@service.com'),
(NULL, 'Robert', 'Majewski', '666789012', 'robert.majewski@solutions.com'),
(NULL, 'Sebastian', 'Rudnicki', '777890123', 'sebastian.rudnicki@websolutions.com'),
(NULL, 'Jerzy', 'Chmiel', '888901234', 'jerzy.chmiel@innovation.com'),
(NULL, 'Katarzyna', 'Ostrowska', '999012345', 'katarzyna.ostrowska@enterprise.com'),
(NULL, 'Czesław', 'Kowalik', '111123456', 'czeslaw.kowalik@firm.com'),
(NULL, 'Danuta', 'Ziemowit', '222234567', 'danuta.ziemowit@techservices.com'),
(NULL, 'Rafał', 'Kisiel', '333345678', 'rafal.kisiel@solutionsgroup.com');

/*
    ////////////////////////////////////////////////////////////////  LOKALIZACJA    ///////////////////////////////////////////////////////////////
*/
INSERT INTO Lokalizacja 
(
   Mag, Id_wlasciciela, Miasto, Poczta, Ulica, Numer_lokalu, Rodzaj
) 
VALUES
(1, NULL, 'Warszawa', '00-001', 'Marszałkowska', '101', 'W'),
(2, NULL, 'Kraków', '31-001', 'Floriańska', '202', 'W'),
(3, 37, 'Poznań', '61-001', 'Główna', '303', 'N'),
(4, NULL, 'Gdańsk', '80-001', 'Długa', '404', 'W'),
(5, 38, 'Wrocław', '50-001', 'Świdnicka', '505', 'N'),
(6, NULL, 'Łódź', '90-001', 'Piotrkowska', '606', 'W'),
(7, 39, 'Lublin', '20-001', 'Krakowskie Przedmieście', '707', 'N'),
(8, NULL, 'Szczecin', '70-001', 'Bogusława', '808', 'W'),
(9, NULL, 'Katowice', '40-001', 'Korfantego', '909', 'W'),
(10, NULL, 'Rzeszów', '35-001', '3 Maja', '101', 'W'),
(11, 45, 'Bydgoszcz', '85-001', 'Mostowa', '202', 'N'),
(12, NULL, 'Gdynia', '81-001', 'Świętojańska', '303', 'W'),
(13, 46, 'Zielona Góra', '65-001', 'Żeromskiego', '404', 'N'),
(14, NULL, 'Olsztyn', '10-001', 'Jagiellońska', '505', 'W'),
(15, NULL, 'Opole', '45-001', 'Armii Krajowej', '606', 'W'),
(16, NULL, 'Radom', '26-001', 'Wieniawskiego', '707', 'W'),
(17, NULL, 'Kielce', '25-001', 'Sienkiewicza', '808', 'W'),
(18, NULL, 'Toruń', '87-001', 'Piekary', '909', 'W'),
(19, NULL, 'Słupsk', '76-001', 'Niepodległości', '101', 'W'),
(20, NULL, 'Częstochowa', '42-001', 'Królewska', '202', 'W'),
(21, NULL, 'Elbląg', '82-001', 'Ostróda', '303', 'W'),
(22, NULL, 'Koszalin', '75-001', 'Piłsudskiego', '404', 'W'),
(23, NULL, 'Płock', '09-001', 'Tysiąclecia', '505', 'W'),
(24, NULL, 'Kalisz', '62-001', 'Tadeusza Kościuszki', '606', 'W'),
(25, NULL, 'Tarnów', '33-001', 'Narutowicza', '707', 'W'),
(26, NULL, 'Gorzów Wielkopolski', '66-001', 'Kwiatowa', '808', 'W'),
(27, NULL, 'Świnoujście', '72-001', 'Pięciomorgowa', '909', 'W'),
(28, NULL, 'Pabianice', '95-001', 'Wojska Polskiego', '101', 'W'),
(29, NULL, 'Zamość', '22-001', 'Sienkiewicza', '202', 'W'),
(30, NULL, 'Tychy', '43-001', 'Mikołowska', '303', 'W'),
(31, NULL, 'Legnica', '59-001', 'Słowiańska', '404', 'W'),
(32, NULL, 'Stalowa Wola', '37-001', 'Wyszyńskiego', '505', 'W'),
(33, 26, 'Świętochłowice', '41-001', 'Młodzieżowa', '606', 'N'),
(34, 28, 'Jastrzębie-Zdrój', '44-001', 'Kwiatowa', '707', 'N'),
(35, 27, 'Rybnik', '44-001', 'Św. Barbary', '808', 'N'),
(36, 29, 'Chorzów', '41-001', 'Armii Krajowej', '909', 'N'),
(37, 18, 'Nowy Sącz', '33-001', 'Zawiszy Czarnego', '101', 'N'),
(38, 30, 'Piła', '64-001', 'Gorzysława', '202', 'N'),
(39, 19, 'Lębork', '84-001', 'Kasztanowa', '303', 'N'),
(40, 31, 'Mielec', '39-001', 'Wyszyńskiego', '404', 'N'),
(41, 20, 'Żory', '44-001', 'Ostróżna', '505', 'N'),
(42, NULL, 'Ostróda', '14-001', 'Olsztyńska', '606', 'W'),
(43, NULL, 'Dąbrowa Górnicza', '41-001', 'Piłsudskiego', '707', 'W'),
(44, NULL, 'Włocławek', '87-001', 'Podmiejska', '808', 'W'),
(45, NULL, 'Krosno', '38-001', 'Karpiówka', '909', 'W'),
(46, NULL, 'Zgierz', '95-001', 'Gorzysława', '010', 'W'),
(47, NULL, 'Mława', '06-001', 'Mazurska', '111', 'W'),
(48, NULL, 'Kłodzko', '57-001', 'Wrocławska', '222', 'W'),
(49, NULL, 'Białystok', '15-001', 'Wołodyjowskiego', '333', 'W'),
(50, NULL, 'Jelenia Góra', '58-001', 'Pocztowa', '444', 'W');


/*
    ////////////////////////////////////////////////////////////////  PRACOWNIK    ///////////////////////////////////////////////////////////////
*/
INSERT INTO Pracownik (Id_pracownika_dane, Pra_Id_pracownika, Mag, Stanowisko_pracownika, Login_systemowy, Haslo_systemowe) 
VALUES
(71, NULL, 1, 'Prezes', 'user22', 'password123'),
(50, 5, 1, 'Kierownik magazynu', 'user1', 'password123'),
(59, 5, 3, 'Kierownik sklepu', 'user10', 'password123'),
(62, 5, 4, 'Kierownik sklepu', 'user13', 'password123'),
(51, 9, 1, 'Magazynier', 'user2', 'password123'),
(52, 9, 1, 'Magazynier', 'user3', 'password123'),
(53, 9, 1, 'Magazynier', 'user4', 'password123'),
(54, 9, 1, 'Magazynier', 'user5', 'password123'),
(55, 10, 2, 'Kierownik sklepu', 'user6', 'password123'),
(56, 10, 2, 'Sprzedawca', 'user7', 'password123'),
(57, 10, 2, 'Młodszy sprzedawca', 'user8', 'password123'),
(58, 10, 2, 'Sprzedawca', 'user9', 'password123'),
(60, 11, 3, 'Sprzedawca', 'user11', 'password123'),
(61, 11, 3, 'Sprzedawca', 'user12', 'password123'),
(63, 12, 4, 'Sprzedawca', 'user14', 'password123'),
(64, 12, 4, 'Sprzedawca', 'user15', 'password123'),
(65, 12, 4, 'Sprzedawca', 'user16', 'password123'),
(66, 12, 4, 'Sprzedawca', 'user17', 'password123'),
(67, 12, 4, 'Sprzedawca', 'user18', 'password123'),
(68, 12, 4, 'Sprzedawca', 'user19', 'password123'),
(69, 12, 4, 'Sprzedawca', 'user20', 'password123'),
(70, 9, 1, 'Kurier', 'user21', 'password123');

/*
    ////////////////////////////////////////////////////////////////  ZAMÓWIENIE    ///////////////////////////////////////////////////////////////
*/

INSERT INTO Zamowienie (Mag, Id_zamawiajacego, Data_zamowienia, Status_zamowienia)
VALUES
(4, 90, '2025-01-01', 'R'),
(2, 91, '2025-01-02', 'R'),
(4, 92, '2025-01-03', 'R'),
(2, 93, '2025-01-04', 'R'),
(3, 94, '2025-01-05', 'R'),
(4, 95, '2025-01-06', 'R'),
(3, 92, '2025-01-07', 'R'),
(4, 91, '2025-01-08', 'R'),
(2, 95, '2025-01-09', 'R'),
(4, 91, '2025-01-10', 'R'),
(2, 94, '2025-01-11', 'R'),
(3, 95, '2025-01-12', 'R'),
(4, 94, '2025-01-13', 'R'),
(2, 95, '2025-01-14', 'R'),
(3, 96, '2025-01-15', 'R'),
(4, 95, '2025-01-16', 'R'),
(2, 89, '2025-01-17', 'R'),
(4, 89, '2025-01-18', 'R'),
(3, 88, '2025-01-19', 'R');

/*
    ////////////////////////////////////////////////////////////////  POZYCJA ZAMOWIENIA    ///////////////////////////////////////////////////////////////
*/

INSERT INTO Pozycja_Zamowienia (Id_zamowienia, Id_pozycja_zamowienia, Kod_zegarka, Zeg_Kod_zegarka, Numer_seryjny_zegarka)
VALUES
(2, 1, 'ROSU0001', NULL, NULL),
(2, 2, 'TIMH0026', NULL, NULL),
(3, 1, 'TIMH0026', NULL, NULL),
(3, 2, 'CICA0027', NULL, NULL),
(4, 1, 'CILU0059', NULL, NULL),
(4, 2, 'ROSU0001', NULL, NULL),
(5, 1, 'CILU0059', NULL, NULL),
(5, 2, 'CICA0027', NULL, NULL),
(6, 1, 'ROSU0001', NULL, NULL),
(6, 2, 'ROOP0040', NULL, NULL),
(7, 1, 'CIST0047', NULL, NULL),
(7, 2, 'TIMH0026', NULL, NULL),
(8, 1, 'ROSU0001', NULL, NULL),
(8, 2, 'CIST0047', NULL, NULL),
(9, 1, 'CIST0047', NULL, NULL),
(9, 2, 'ROSU0001', NULL, NULL),
(10, 1, 'CILU0059', NULL, NULL),
(10, 2, 'TIMH0026', NULL, NULL),
(11, 1, 'ROSU0001', NULL, NULL),
(11, 2, 'CIST0047', NULL, NULL),
(12, 1, 'CILU0059', NULL, NULL),
(12, 2, 'ROSU0001', NULL, NULL),
(13, 1, 'OMSP0003', NULL, NULL),
(13, 2, 'OMSP0003', NULL, NULL),
(14, 1, 'ROSU0001', NULL, NULL),
(14, 2, 'BEBR0030', NULL, NULL),
(15, 1, 'OMSP0003', NULL, NULL),
(15, 2, 'ROSU0001', NULL, NULL),
(16, 1, 'BEBR0030', NULL, NULL),
(16, 2, 'BEBR0030', NULL, NULL),
(17, 1, 'ROOP0040', NULL, NULL),
(17, 2, 'HACE0054', NULL, NULL),
(18, 1, 'ROSU0001', NULL, NULL),
(18, 2, 'HACE0054', NULL, NULL),
(19, 1, 'ROOP0040', NULL, NULL),
(19, 2, 'OMSP0003', NULL, NULL),
(20, 1, 'HACE0054', NULL, NULL),
(20, 2, 'ROOP0040', NULL, NULL);


/*
    ////////////////////////////////////////////////////////////////  PRZYJECIE ZEWNETRZENE    ///////////////////////////////////////////////////////////////
*/

INSERT INTO Pozycja_przyjecia (Id_przyjecia, Id_pozycja_przyjecia, Kod_zegarka, Ilosc_towaru_przyjecia)
VALUES
(1, 1, 'ROSU0001', 3),
(1, 2, 'GSCA0002', 5),
(2, 1, 'SEPR0003', 2),
(2, 2, 'OMSP0004', 7),
(3, 1, 'SWSK0005', 4),
(3, 2, 'TITT0006', 6),
(4, 1, 'TIWE0007', 1),
(4, 2, 'CIPR0008', 9),
(5, 1, 'RORO0001', 3),
(5, 2, 'CAGA0002', 10),
(6, 1, 'SEPR0004', 8),
(6, 2, 'OMSP0003', 4),
(7, 1, 'SWCH0005', 5),
(7, 2, 'TITT0009', 2),
(8, 1, 'TIMW0007', 7),
(8, 2, 'CIPR0002', 6),
(9, 1, 'LOST0009', 3),
(9, 2, 'HAMI0010', 1),
(10, 1, 'ROEX0020', 9),
(10, 2, 'CAGE0021', 5),
(11, 1, 'SESP0022', 8),
(11, 2, 'OMCO0023', 2),
(12, 1, 'SWBL0024', 10),
(12, 2, 'TIEX0025', 4),
(13, 1, 'TIMH0026', 6),
(13, 2, 'CICA0027', 1),
(14, 1, 'LOEL0028', 7),
(14, 2, 'ROSU0001', 5),
(15, 1, 'GSCA0002', 3),
(15, 2, 'SEPR0003', 8),
(16, 1, 'OMSP0004', 2),
(16, 2, 'SWSK0005', 6),
(17, 1, 'TITT0006', 4),
(17, 2, 'TIWE0007', 9),
(18, 1, 'CIPR0008', 7),
(18, 2, 'RORO0001', 1),
(19, 1, 'CAGA0002', 8),
(19, 2, 'SEPR0004', 2),
(20, 1, 'OMSP0003', 10),
(20, 2, 'SWCH0005', 3),
(21, 1, 'TITT0009', 6),
(21, 2, 'TIMW0007', 5),
(22, 1, 'CIPR0002', 9),
(22, 2, 'LOST0009', 7),
(23, 1, 'HAMI0010', 1),
(23, 2, 'ROEX0020', 4),
(24, 1, 'CAGE0021', 8),
(24, 2, 'SESP0022', 2),
(25, 1, 'OMCO0023', 3),
(25, 2, 'SWBL0024', 6),
(26, 1, 'TIEX0025', 9),
(26, 2, 'TIMH0026', 4),
(27, 1, 'CICA0027', 2),
(27, 2, 'LOEL0028', 7),
(28, 1, 'ROSU0001', 5),
(28, 2, 'GSCA0002', 3),
(29, 1, 'SEPR0003', 8),
(29, 2, 'OMSP0004', 2),
(30, 1, 'SWSK0005', 6),
(30, 2, 'TITT0006', 4),
(31, 1, 'TIWE0007', 9),
(31, 2, 'CIPR0008', 7),
(32, 1, 'RORO0001', 1),
(32, 2, 'CAGA0002', 8),
(33, 1, 'SEPR0004', 2),
(33, 2, 'OMSP0003', 10),
(34, 1, 'SWCH0005', 3),
(34, 2, 'TITT0009', 6),
(35, 1, 'TIMW0007', 5),
(35, 2, 'CIPR0002', 9),
(36, 1, 'LOST0009', 7),
(36, 2, 'HAMI0010', 1),
(37, 1, 'ROEX0020', 4),
(37, 2, 'CAGE0021', 8),
(38, 1, 'SESP0022', 2),
(38, 2, 'OMCO0023', 3),
(39, 1, 'SWBL0024', 6),
(39, 2, 'TIEX0025', 9),
(40, 1, 'TIMH0026', 4),
(40, 2, 'CICA0027', 2),
(41, 1, 'LOEL0028', 7),
(41, 2, 'ROSU0001', 5),
(42, 1, 'GSCA0002', 3),
(42, 2, 'SEPR0003', 8),
(43, 1, 'OMSP0004', 2),
(43, 2, 'SWSK0005', 6),
(44, 1, 'TITT0006', 4),
(44, 2, 'TIWE0007', 9),
(45, 1, 'CIPR0008', 7),
(45, 2, 'RORO0001', 1),
(46, 1, 'CAGA0002', 8),
(46, 2, 'SEPR0004', 2),
(47, 1, 'OMSP0003', 10),
(47, 2, 'SWCH0005', 3),
(48, 1, 'TITT0009', 6),
(48, 2, 'TIMW0007', 5),
(49, 1, 'CIPR0002', 9),
(49, 2, 'LOST0009', 7),
(50, 1, 'HAMI0010', 1),
(50, 2, 'ROEX0020', 4);


/*
    ////////////////////////////////////////////////////////////////  DOKUMENT ZAKUPU    ///////////////////////////////////////////////////////////////
*/

INSERT INTO Dokument_zakupu (Id_kontrahenta, Numer_dokumentu_zakupu, Data_wystawienia_zakupu, Data_zaplaty_zakupu, Typ_dokumentu_zakupu, Wartosc_netto_zakupu, Kwota_vat_zakupu, Wartosc_brutto_zakupu, Status_platnosci_zakupu)
VALUES
(1, 'FZ20230001', '2023-01-10', '2023-01-20', 'F', 1500.00, 23, 1845.00, 'O'),
(2, 'FZ20230002', '2023-02-15', NULL, 'P', 2500.00, 23, 3075.00, 'N'),
(3, 'FZ20230003', '2023-03-05', '2023-03-15', 'K', 1000.00, 23, 1230.00, 'P'),
(4, 'FZ20230004', '2023-04-18', NULL, 'Z', 5000.00, 23, 6150.00, 'W'),
(5, 'FZ20230005', '2023-05-22', '2023-05-30', 'F', 7500.00, 23, 9225.00, 'Z'),
(6, 'FZ20230006', '2023-06-10', NULL, 'P', 3000.00, 23, 3690.00, 'A'),
(7, 'FZ20230007', '2023-07-15', '2023-07-20', 'F', 4500.00, 23, 5535.00, 'O'),
(8, 'FZ20230008', '2023-08-05', NULL, 'K', 8000.00, 23, 9840.00, 'N'),
(9, 'FZ20230009', '2023-09-25', '2023-10-01', 'Z', 6000.00, 23, 7380.00, 'P'),
(10, 'FZ20230010', '2023-10-10', NULL, 'F', 7000.00, 23, 8610.00, 'W'),
(11, 'FZ20230011', '2023-11-01', '2023-11-15', 'P', 1200.00, 23, 1476.00, 'Z'),
(12, 'FZ20230012', '2023-12-10', '2023-12-15', 'K', 1100.00, 23, 1353.00, 'O'),
(13, 'FZ20230013', '2023-01-30', '2023-02-05', 'Z', 4000.00, 23, 4920.00, 'P'),
(14, 'FZ20230014', '2023-02-15', '2023-02-25', 'F', 2000.00, 23, 2460.00, 'N'),
(15, 'FZ20230015', '2023-03-12', NULL, 'P', 3500.00, 23, 4305.00, 'W'),
(16, 'FZ20230016', '2023-04-20', '2023-04-28', 'K', 1800.00, 23, 2214.00, 'A'),
(17, 'FZ20230017', '2023-05-25', NULL, 'Z', 9000.00, 23, 11070.00, 'O'),
(18, 'FZ20230018', '2023-06-15', '2023-06-25', 'F', 5000.00, 23, 6150.00, 'Z'),
(19, 'FZ20230019', '2023-07-10', '2023-07-20', 'P', 6000.00, 23, 7380.00, 'P'),
(20, 'FZ20230020', '2023-08-20', NULL, 'K', 7500.00, 23, 9225.00, 'W');


/*
    ////////////////////////////////////////////////////////////////  ZEGAREK    ///////////////////////////////////////////////////////////////
*/
INSERT INTO Zegarek (Kod_zegarka, Numer_seryjny_zegarka, Id_wydania, Mag, Certyfikat_zegarka)
VALUES
('ROSU0001', 'SN00000001', NULL, 1, 'COSC'),
('GSCA0002', 'SN00000002', NULL, 2, 'METAS'),
('SEPR0003', 'SN00000003', NULL, 3, 'GenevaSeal'),
('OMSP0004', 'SN00000004', NULL, 4, 'ISO3159'),
('SWSK0005', 'SN00000005', NULL, 1, 'ISO6425'),
('TITT0006', 'SN00000006', NULL, 2, 'COSC'),
('TIWE0007', 'SN00000007', NULL, 3, 'METAS'),
('CIPR0008', 'SN00000008', NULL, 4, 'GenevaSeal'),
('RORO0001', 'SN00000009', NULL, 1, 'ISO3159'),
('CAGA0002', 'SN00000010', NULL, 2, 'ISO6425'),
('SEPR0004', 'SN00000011', NULL, 3, 'COSC'),
('OMSP0003', 'SN00000012', NULL, 4, 'METAS'),
('SWCH0005', 'SN00000013', NULL, 1, 'GenevaSeal'),
('TITT0009', 'SN00000014', NULL, 2, 'ISO3159'),
('TIMW0007', 'SN00000015', NULL, 3, 'ISO6425'),
('CIPR0002', 'SN00000016', NULL, 4, 'COSC'),
('LOST0009', 'SN00000017', NULL, 1, 'METAS'),
('HAMI0010', 'SN00000018', NULL, 2, 'GenevaSeal'),
('ROEX0020', 'SN00000019', NULL, 3, 'ISO3159'),
('CAGE0021', 'SN00000020', NULL, 4, 'ISO6425'),
('SESP0022', 'SN00000021', NULL, 1, 'COSC'),
('OMCO0023', 'SN00000022', NULL, 2, 'METAS'),
('SWBL0024', 'SN00000023', NULL, 3, 'GenevaSeal'),
('TIEX0025', 'SN00000024', NULL, 4, 'ISO3159'),
('TIMH0026', 'SN00000025', NULL, 1, 'ISO6425'),
('CICA0027', 'SN00000026', NULL, 2, 'COSC'),
('LOEL0028', 'SN00000027', NULL, 3, 'METAS'),
('ROSU0001', 'SN00000028', NULL, 4, 'GenevaSeal'),
('GSCA0002', 'SN00000029', NULL, 1, 'ISO3159'),
('SEPR0003', 'SN00000030', NULL, 2, 'ISO6425'),
('OMSP0004', 'SN00000031', NULL, 3, 'COSC'),
('SWSK0005', 'SN00000032', NULL, 4, 'METAS'),
('TITT0006', 'SN00000033', NULL, 1, 'GenevaSeal'),
('TIWE0007', 'SN00000034', NULL, 2, 'ISO3159'),
('CIPR0008', 'SN00000035', NULL, 3, 'ISO6425'),
('RORO0001', 'SN00000036', NULL, 4, 'COSC'),
('CAGA0002', 'SN00000037', NULL, 1, 'METAS'),
('SEPR0004', 'SN00000038', NULL, 2, 'GenevaSeal'),
('OMSP0003', 'SN00000039', NULL, 3, 'ISO3159'),
('SWCH0005', 'SN00000040', NULL, 4, 'ISO6425'),
('TITT0009', 'SN00000041', NULL, 1, 'COSC'),
('TIMW0007', 'SN00000042', NULL, 2, 'METAS'),
('CIPR0002', 'SN00000043', NULL, 3, 'GenevaSeal'),
('LOST0009', 'SN00000044', NULL, 4, 'ISO3159'),
('HAMI0010', 'SN00000045', NULL, 1, 'ISO6425'),
('ROEX0020', 'SN00000046', NULL, 2, 'COSC'),
('CAGE0021', 'SN00000047', NULL, 3, 'METAS'),
('SESP0022', 'SN00000048', NULL, 4, 'GenevaSeal'),
('OMCO0023', 'SN00000049', NULL, 1, 'ISO3159'),
('SWBL0024', 'SN00000050', NULL, 2, 'ISO6425');
INSERT INTO Zegarek (Kod_zegarka, Numer_seryjny_zegarka, Id_wydania, Mag, Certyfikat_zegarka)
VALUES
('LOEL0028', 'SN00000201', NULL, 3, 'METAS'),
('ROSU0001', 'SN00000202', NULL, 4, 'GenevaSeal'),
('GSCA0002', 'SN00000203', NULL, 1, 'ISO3159'),
('SEPR0003', 'SN00000204', NULL, 2, 'ISO6425'),
('OMSP0004', 'SN00000205', NULL, 3, 'COSC'),
('SWSK0005', 'SN00000206', NULL, 4, 'METAS'),
('TITT0006', 'SN00000207', NULL, 1, 'GenevaSeal'),
('TIWE0007', 'SN00000208', NULL, 2, 'ISO3159'),
('CIPR0008', 'SN00000209', NULL, 3, 'ISO6425'),
('RORO0001', 'SN00000210', NULL, 4, 'COSC'),
('CAGA0002', 'SN00000211', NULL, 1, 'METAS'),
('SEPR0004', 'SN00000212', NULL, 2, 'GenevaSeal'),
('OMSP0003', 'SN00000213', NULL, 3, 'ISO3159'),
('SWCH0005', 'SN00000214', NULL, 4, 'ISO6425'),
('TITT0009', 'SN00000215', NULL, 1, 'COSC'),
('TIMW0007', 'SN00000216', NULL, 2, 'METAS'),
('CIPR0002', 'SN00000217', NULL, 3, 'GenevaSeal'),
('LOST0009', 'SN00000218', NULL, 4, 'ISO3159'),
('HAMI0010', 'SN00000219', NULL, 1, 'ISO6425'),
('ROEX0020', 'SN00000220', NULL, 2, 'COSC'),
('CAGE0021', 'SN00000221', NULL, 3, 'METAS'),
('SESP0022', 'SN00000222', NULL, 4, 'GenevaSeal'),
('OMCO0023', 'SN00000223', NULL, 1, 'ISO3159'),
('SWBL0024', 'SN00000224', NULL, 2, 'ISO6425'),
('TIEX0025', 'SN00000225', NULL, 3, 'COSC'),
('TIMH0026', 'SN00000226', NULL, 4, 'METAS'),
('CICA0027', 'SN00000227', NULL, 1, 'GenevaSeal'),
('LOEL0028', 'SN00000228', NULL, 2, 'ISO3159'),
('ROSU0001', 'SN00000229', NULL, 3, 'ISO6425'),
('GSCA0002', 'SN00000230', NULL, 4, 'COSC'),
('SEPR0003', 'SN00000231', NULL, 1, 'METAS'),
('OMSP0004', 'SN00000232', NULL, 2, 'GenevaSeal'),
('SWSK0005', 'SN00000233', NULL, 3, 'ISO3159'),
('TITT0006', 'SN00000234', NULL, 4, 'ISO6425'),
('TIWE0007', 'SN00000235', NULL, 1, 'COSC'),
('CIPR0008', 'SN00000236', NULL, 2, 'METAS'),
('RORO0001', 'SN00000237', NULL, 3, 'GenevaSeal'),
('CAGA0002', 'SN00000238', NULL, 4, 'ISO3159'),
('SEPR0004', 'SN00000239', NULL, 1, 'ISO6425'),
('OMSP0003', 'SN00000240', NULL, 2, 'COSC'),
('SWCH0005', 'SN00000241', NULL, 3, 'METAS'),
('TITT0009', 'SN00000242', NULL, 4, 'GenevaSeal'),
('TIMW0007', 'SN00000243', NULL, 1, 'ISO3159'),
('CIPR0002', 'SN00000244', NULL, 2, 'ISO6425'),
('LOST0009', 'SN00000245', NULL, 3, 'COSC'),
('HAMI0010', 'SN00000246', NULL, 4, 'METAS'),
('ROEX0020', 'SN00000247', NULL, 1, 'GenevaSeal'),
('CAGE0021', 'SN00000248', NULL, 2, 'ISO3159'),
('SESP0022', 'SN00000249', NULL, 3, 'ISO6425'),
('OMCO0023', 'SN00000250', NULL, 4, 'COSC'),
('SWBL0024', 'SN00000251', NULL, 1, 'METAS'),
('TIEX0025', 'SN00000252', NULL, 2, 'GenevaSeal'),
('TIMH0026', 'SN00000253', NULL, 3, 'ISO3159'),
('CICA0027', 'SN00000254', NULL, 4, 'ISO6425'),
('LOEL0028', 'SN00000255', NULL, 1, 'COSC'),
('ROSU0001', 'SN00000256', NULL, 2, 'METAS'),
('GSCA0002', 'SN00000257', NULL, 3, 'GenevaSeal'),
('SEPR0003', 'SN00000258', NULL, 4, 'ISO3159'),
('OMSP0004', 'SN00000259', NULL, 1, 'ISO6425'),
('SWSK0005', 'SN00000260', NULL, 2, 'COSC'),
('TITT0006', 'SN00000261', NULL, 3, 'METAS'),
('TIWE0007', 'SN00000262', NULL, 4, 'GenevaSeal'),
('CIPR0008', 'SN00000263', NULL, 1, 'ISO3159'),
('RORO0001', 'SN00000264', NULL, 2, 'ISO6425'),
('CAGA0002', 'SN00000265', NULL, 3, 'COSC'),
('SEPR0004', 'SN00000266', NULL, 4, 'METAS'),
('OMSP0003', 'SN00000267', NULL, 1, 'GenevaSeal'),
('SWCH0005', 'SN00000268', NULL, 2, 'ISO3159'),
('TITT0009', 'SN00000269', NULL, 3, 'ISO6425'),
('TIMW0007', 'SN00000270', NULL, 4, 'COSC'),
('CIPR0002', 'SN00000271', NULL, 1, 'METAS'),
('LOST0009', 'SN00000272', NULL, 2, 'GenevaSeal'),
('HAMI0010', 'SN00000273', NULL, 3, 'ISO3159'),
('ROEX0020', 'SN00000274', NULL, 4, 'ISO6425'),
('CAGE0021', 'SN00000275', NULL, 1, 'COSC'),
('SESP0022', 'SN00000276', NULL, 2, 'METAS'),
('OMCO0023', 'SN00000277', NULL, 3, 'GenevaSeal'),
('SWBL0024', 'SN00000278', NULL, 4, 'ISO3159'),
('TIEX0025', 'SN00000279', NULL, 1, 'ISO6425'),
('TIMH0026', 'SN00000280', NULL, 2, 'COSC'),
('CICA0027', 'SN00000281', NULL, 3, 'METAS'),
('LOEL0028', 'SN00000282', NULL, 4, 'GenevaSeal'),
('ROSU0001', 'SN00000283', NULL, 1, 'ISO3159'),
('GSCA0002', 'SN00000284', NULL, 2, 'ISO6425'),
('SEPR0003', 'SN00000285', NULL, 3, 'COSC'),
('OMSP0004', 'SN00000286', NULL, 4, 'METAS'),
('SWSK0005', 'SN00000287', NULL, 1, 'GenevaSeal'),
('TITT0006', 'SN00000288', NULL, 2, 'ISO3159'),
('TIWE0007', 'SN00000289', NULL, 3, 'ISO6425'),
('CIPR0008', 'SN00000290', NULL, 4, 'COSC'),
('RORO0001', 'SN00000291', NULL, 1, 'METAS'),
('CAGA0002', 'SN00000292', NULL, 2, 'GenevaSeal'),
('SEPR0004', 'SN00000293', NULL, 3, 'ISO3159'),
('OMSP0003', 'SN00000294', NULL, 4, 'ISO6425');
INSERT INTO Zegarek (Kod_zegarka, Numer_seryjny_zegarka, Id_wydania, Mag, Certyfikat_zegarka)
VALUES
('GSCA0002', 'SN00000001', NULL, 2, 'METAS'),
('SEPR0003', 'SN00000001', NULL, 3, 'GenevaSeal'),
('OMSP0004', 'SN00000001', NULL, 4, 'ISO3159'),
('SWSK0005', 'SN00000002', NULL, 1, 'ISO6425'),
('TITT0006', 'SN00000002', NULL, 2, 'COSC'),
('TIWE0007', 'SN00000002', NULL, 3, 'METAS'),
('CIPR0008', 'SN00000002', NULL, 4, 'GenevaSeal'),
('RORO0001', 'SN00000003', NULL, 1, 'ISO3159'),
('CAGA0002', 'SN00000003', NULL, 2, 'ISO6425'),
('SEPR0004', 'SN00000003', NULL, 3, 'COSC'),
('OMSP0003', 'SN00000003', NULL, 4, 'METAS'),
('SWCH0005', 'SN00000004', NULL, 1, 'GenevaSeal'),
('TITT0009', 'SN00000004', NULL, 2, 'ISO3159'),
('TIMW0007', 'SN00000004', NULL, 3, 'ISO6425'),
('CIPR0002', 'SN00000004', NULL, 4, 'COSC'),
('LOST0009', 'SN00000005', NULL, 1, 'METAS'),
('HAMI0010', 'SN00000005', NULL, 2, 'GenevaSeal');


/*
    ////////////////////////////////////////////////////////////////  REKLAMACJA    ///////////////////////////////////////////////////////////////
*/
INSERT INTO Reklamacja (Kod_zegarka, Numer_seryjny_zegarka, Data_reklamacji, Powod_reklamacji)
VALUES
('HAMI0010', 'SN00000301', '2025-02-01', 'Problemy z mechanizmem automatycznym'),
('ROEX0020', 'SN00000302', '2025-02-02', 'Zegarek nie działa po upadku'),
('CAGE0021', 'SN00000303', '2025-02-03', 'Uszkodzona koronka'),
('SESP0022', 'SN00000304', '2025-02-04', 'Nieprawidłowe wskazywanie czasu'),
('OMCO0023', 'SN00000305', '2025-02-05', 'Mechanizm zatrzymuje się losowo'),
('SWBL0024', 'SN00000306', '2025-02-06', 'Problem z rezerwą chodu'),
('TIEX0025', 'SN00000307', '2025-02-07', 'Pęknięte szkiełko'),
('TIMH0026', 'SN00000308', '2025-02-08', 'Nieprawidłowy ruch wskazówek'),
('CICA0027', 'SN00000309', '2025-02-09', 'Uszkodzona bransoleta'),
('LOEL0028', 'SN00000310', '2025-02-10', 'Problem z wodoodpornością'),
('ROSU0001', 'SN00000311', '2025-02-11', 'Zarysowana koperta'),
('GSCA0002', 'SN00000312', '2025-02-12', 'Mechanizm kwarcowy zatrzymuje się'),
('SEPR0003', 'SN00000313', '2025-02-13', 'Nie działa datownik'),
('OMSP0004', 'SN00000314', '2025-02-14', 'Brak działania chronografu'),
('SWSK0005', 'SN00000315', '2025-02-15', 'Zegarek zatrzymuje się przy niskiej temperaturze'),
('TITT0006', 'SN00000316', '2025-02-16', 'Problemy z odczytem tarczy'),
('TIWE0007', 'SN00000317', '2025-02-17', 'Nie działa sekundnik'),
('CIPR0008', 'SN00000318', '2025-02-18', 'Luźny pasek'),
('RORO0001', 'SN00000319', '2025-02-19', 'Problemy z zapięciem'),
('CAGA0002', 'SN00000320', '2025-02-20', 'Nie działa stoper'),
('SEPR0004', 'SN00000321', '2025-02-21', 'Zegarek nie reaguje na ustawienia'),
('OMSP0003', 'SN00000322', '2025-02-22', 'Problemy z kalibracją czasu'),
('SWCH0005', 'SN00000323', '2025-02-23', 'Uszkodzona koperta'),
('TITT0009', 'SN00000324', '2025-02-24', 'Mechanizm kwarcowy działa nierówno'),
('TIMW0007', 'SN00000325', '2025-02-25', 'Nie działa podświetlenie tarczy');

/*
    ////////////////////////////////////////////////////////////////  WYDANIE ZEWNETRZNE    ///////////////////////////////////////////////////////////////
*/
INSERT INTO Wydanie_zewnetrzne (Id_kontrahenta, Id_pracownika, Data_wystawienia_wydania, Numer_kasy_fiskalnej)
VALUES
(NULL, 18, '2025-01-01', 'Kasa_001'),
(NULL, 19, '2025-01-03', 'Kasa_002'),
(NULL, 20, '2025-01-05', 'Kasa_003'),
(NULL, 21, '2025-01-07', 'Kasa_001'),
(NULL, 22, '2025-01-08', 'Kasa_002'),
(NULL, 23, '2025-01-10', 'Kasa_003'),
(NULL, 24, '2025-01-12', 'Kasa_001'),
(NULL, 25, '2025-01-14', 'Kasa_002'),
(NULL, 26, '2025-01-15', 'Kasa_003'),
(NULL, 27, '2025-01-17', 'Kasa_001'),
(NULL, 28, '2025-01-19', 'Kasa_002'),
(NULL, 29, '2025-01-21', 'Kasa_003'),
(20, 18, '2025-01-23', 'Kasa_001'),
(NULL, 19, '2025-01-25', 'Kasa_002'),
(NULL, 20, '2025-01-27', 'Kasa_003'),
(NULL, 21, '2025-01-28', 'Kasa_001'),
(NULL, 22, '2025-01-29', 'Kasa_002'),
(NULL, 23, '2025-01-30', 'Kasa_003'),
(19, 24, '2025-01-31', 'Kasa_001'),
(NULL, 25, '2025-02-01', 'Kasa_002'),
(NULL, 26, '2025-02-02', 'Kasa_003'),
(NULL, 27, '2025-02-03', 'Kasa_001'),
(NULL, 28, '2025-02-04', 'Kasa_002'),
(NULL, 29, '2025-02-05', 'Kasa_003'),
(NULL, 18, '2025-02-06', 'Kasa_001'),
(17, 19, '2025-02-07', 'Kasa_002'),
(NULL, 20, '2025-02-08', 'Kasa_003'),
(NULL, 21, '2025-02-09', 'Kasa_001'),
(NULL, 22, '2025-02-10', 'Kasa_002'),
(NULL, 23, '2025-02-11', 'Kasa_003');
INSERT INTO Wydanie_zewnetrzne (Id_kontrahenta, Id_pracownika, Data_wystawienia_wydania, Numer_kasy_fiskalnej) 
VALUES
(NULL, 18, '2025-01-01', 'Kasa_001'),
(NULL, 19, '2025-01-03', 'Kasa_002'),
(NULL, 20, '2025-01-05', 'Kasa_003'),
(NULL, 21, '2025-01-07', 'Kasa_001'),
(NULL, 22, '2025-01-08', 'Kasa_002'),
(NULL, 23, '2025-01-10', 'Kasa_003'),
(NULL, 24, '2025-01-12', 'Kasa_001'),
(NULL, 25, '2025-01-14', 'Kasa_002'),
(NULL, 26, '2025-01-15', 'Kasa_003'),
(NULL, 27, '2025-01-17', 'Kasa_001'),
(NULL, 28, '2025-01-19', 'Kasa_002'),
(NULL, 29, '2025-01-21', 'Kasa_003'),
(NULL, 18, '2025-01-23', 'Kasa_001'),
(NULL, 19, '2025-01-25', 'Kasa_002'),
(NULL, 20, '2025-01-27', 'Kasa_003'),
(NULL, 21, '2025-01-28', 'Kasa_001'),
(NULL, 22, '2025-01-29', 'Kasa_002'),
(NULL, 23, '2025-01-30', 'Kasa_003'),
(NULL, 24, '2025-01-31', 'Kasa_001'),
(NULL, 25, '2025-02-01', 'Kasa_002'),
(NULL, 26, '2025-02-02', 'Kasa_003'),
(NULL, 27, '2025-02-03', 'Kasa_001'),
(NULL, 28, '2025-02-04', 'Kasa_002'),
(NULL, 29, '2025-02-05', 'Kasa_003'),
(NULL, 18, '2025-02-06', 'Kasa_001'),
(NULL, 19, '2025-02-07', 'Kasa_002'),
(NULL, 20, '2025-02-08', 'Kasa_003'),
(NULL, 21, '2025-02-09', 'Kasa_001'),
(NULL, 22, '2025-02-10', 'Kasa_002'),
(NULL, 23, '2025-02-11', 'Kasa_003');

/*
    ////////////////////////////////////////////////////////////////  DOKUMENT SPRZEDAZY    ///////////////////////////////////////////////////////////////
*/
INSERT INTO Dokument_sprzedazy 
(Id_wydania, Id_kontrahenta, Numer_dokumentu_sprzedazy, Data_wystawienia_sprzedazy, 
Data_zaplaty_sprzedazy, Typ_dokumentu_sprzedazy, Wartosc_netto_sprzedazy, 
Kwota_vat_sprzedazy, Wartosc_brutto_sprzedazy, Status_platnosci_sprzedazy, 
Metoda_platnosci_sprzedazy) 
VALUES
(5, NULL, 'DOK20250001', '2025-01-01', '2025-02-01', 'P', 100.00, 23, 123.00, 'O', 'P'),
(6, NULL, 'DOK20250002', '2025-01-03', '2025-02-03', 'P', 250.00, 57, 307.50, 'O', 'K'),
(7, NULL, 'DOK20250003', '2025-01-05', '2025-02-05', 'P', 150.00, 34, 184.50, 'O', 'G'),
(8, NULL, 'DOK20250004', '2025-01-07', '2025-02-07', 'P', 200.00, 46, 246.00, 'O', 'B'),
(9, NULL, 'DOK20250005', '2025-01-08', '2025-02-08', 'P', 120.00, 28, 148.00, 'O', 'K'),
(10, NULL, 'DOK20250006', '2025-01-10', '2025-02-10', 'P', 180.00, 41, 221.70, 'O', 'K'),
(11, NULL, 'DOK20250007', '2025-01-12', '2025-02-12', 'P', 210.00, 48, 258.00, 'O', 'P'),
(12, NULL, 'DOK20250008', '2025-01-14', '2025-02-14', 'P', 500.00, 115, 615.00, 'O', 'B'),
(13, NULL, 'DOK20250009', '2025-01-15', '2025-02-15', 'P', 350.00, 80, 430.00, 'O', 'G'),
(14, NULL, 'DOK20250010', '2025-01-17', '2025-02-17', 'P', 450.00, 104, 554.50, 'O', 'K'),
(15, NULL, 'DOK20250011', '2025-01-19', '2025-02-19', 'P', 280.00, 64, 344.00, 'O', 'K'),
(16, NULL, 'DOK20250012', '2025-01-21', '2025-02-21', 'P', 320.00, 74, 394.00, 'O', 'B'),
(17, NULL, 'DOK20250013', '2025-01-23', '2025-02-23', 'P', 430.00, 99, 529.50, 'O', 'P'),
(18, NULL, 'DOK20250014', '2025-01-25', '2025-02-25', 'P', 510.00, 117, 627.00, 'O', 'K'),
(19, NULL, 'DOK20250015', '2025-01-27', '2025-02-27', 'P', 550.00, 126, 676.50, 'O', 'G'),
(20, NULL, 'DOK20250016', '2025-01-29', '2025-02-28', 'P', 120.00, 28, 148.00, 'O', 'B'),
(21, NULL, 'DOK20250017', '2025-01-30', '2025-03-02', 'P', 170.00, 39, 209.00, 'O', 'P'),
(22, NULL, 'DOK20250018', '2025-02-01', '2025-03-03', 'P', 130.00, 30, 160.00, 'O', 'K'),
(23, NULL, 'DOK20250019', '2025-02-03', '2025-03-05', 'P', 150.00, 34, 184.50, 'O', 'G'),
(24, NULL, 'DOK20250020', '2025-02-05', '2025-03-07', 'P', 200.00, 46, 246.00, 'O', 'B'),
(25, NULL, 'DOK20250021', '2025-02-07', '2025-03-09', 'P', 180.00, 41, 221.70, 'O', 'K'),
(26, NULL, 'DOK20250022', '2025-02-09', '2025-03-11', 'P', 160.00, 37, 197.00, 'O', 'K'),
(27, NULL, 'DOK20250023', '2025-02-11', '2025-03-13', 'P', 220.00, 51, 271.00, 'O', 'P'),
(28, NULL, 'DOK20250024', '2025-02-13', '2025-03-15', 'P', 140.00, 32, 172.00, 'O', 'K'),
(29, NULL, 'DOK20250025', '2025-02-15', '2025-03-17', 'P', 250.00, 57, 307.50, 'O', 'G'),
(30, NULL, 'DOK20250026', '2025-02-17', '2025-03-19', 'P', 300.00, 69, 369.00, 'O', 'B'),
(31, NULL, 'DOK20250027', '2025-02-19', '2025-03-21', 'P', 270.00, 62, 332.40, 'O', 'B'),
(32, NULL, 'DOK20250028', '2025-02-21', '2025-03-23', 'P', 190.00, 44, 234.00, 'O', 'K'),
(33, NULL, 'DOK20250029', '2025-02-23', '2025-03-25', 'P', 210.00, 48, 258.00, 'O', 'P'),
(34, NULL, 'DOK20250030', '2025-02-25', '2025-03-27', 'P', 180.00, 41, 221.70, 'O', 'K'),
(35, NULL, 'DOK20250031', '2025-02-27', '2025-03-29', 'P', 230.00, 53, 283.80, 'O', 'G'),
(64, NULL, 'DOK20250064', '2025-04-01', '2025-05-01', 'P', 150.00, 34, 184.50, 'O', 'P');
UPDATE Dokument_sprzedazy
SET Dokument_sprzedazy.Id_kontrahenta = Wydanie_zewnetrzne.Id_kontrahenta
FROM Dokument_sprzedazy
JOIN Wydanie_zewnetrzne
    ON Dokument_sprzedazy.Id_wydania = Wydanie_zewnetrzne.Id_wydania;